Country,Region,Year,Happiness Rank,Happiness Score,Upper Confidence Interval,Lower Confidence Interval,Economy (GDP per Capita),Family,Health (Life Expectancy),Freedom,Generosity,Trust (Government Corruption),Dystopia Residual
Afghanistan,Southern Asia,2017,141,3.79399991,3.873661415,3.714338405,0.401477218,0.581543326,0.180746779,0.10617952,0.311870933,0.06115783,2.150801182
Albania,Central and Eastern Europe,2017,109,4.644000053,4.752464006,4.5355361,0.996192753,0.803685248,0.731159747,0.381498635,0.201312944,0.039864216,1.490441561
Algeria,Middle East and Northern Africa,2017,53,5.872000217,5.978286434,5.765714001,1.091864467,1.146217465,0.617584646,0.233335808,0.069436647,0.14609611,2.567603827
Angola,Sub-Saharan Africa,2017,140,3.795000076,3.951641935,3.638358217,0.85842818,1.10441196,0.049868666,0,0.09792649,0.069720335,1.614482403
Argentina,Latin America and Caribbean,2017,24,6.598999977,6.690085086,6.507914868,1.185295463,1.440451145,0.695137084,0.494519204,0.109457061,0.059739888,2.614005327
Armenia,Central and Eastern Europe,2017,121,4.375999928,4.466734612,4.285265243,0.900596738,1.007483721,0.637524426,0.198303267,0.083488092,0.026674422,1.521499157
Australia,Australia and New Zealand,2017,10,7.28399992,7.356651225,7.211348615,1.484414935,1.510041952,0.843886793,0.601607382,0.47769925,0.30118373,2.065210819
Austria,Western Europe,2017,13,7.006000042,7.070669812,6.941330272,1.487097263,1.459944963,0.815328419,0.56776619,0.316472322,0.221060365,2.138506413
Azerbaijan,Central and Eastern Europe,2017,85,5.234000206,5.299286535,5.168713877,1.153601766,1.152400255,0.540775776,0.398155838,0.04526934,0.180987507,1.762481689
Bahrain,Middle East and Northern Africa,2017,41,6.086999893,6.178989068,5.995010719,1.488412261,1.323110461,0.653133035,0.536746919,0.172668487,0.25704217,1.656149387
Bangladesh,Southern Asia,2017,110,4.607999802,4.689821658,4.526177945,0.586682975,0.735131741,0.533241034,0.478356659,0.172255352,0.123717859,1.978736162
Belarus,Central and Eastern Europe,2017,67,5.568999767,5.646114244,5.491885291,1.15655756,1.444945216,0.637714267,0.295400262,0.155137509,0.156313822,1.723232985
Belgium,Western Europe,2017,17,6.890999794,6.95582075,6.826178838,1.463780761,1.462312698,0.818091869,0.539770722,0.231503338,0.251343131,2.124210358
Benin,Sub-Saharan Africa,2017,143,3.657000065,3.745783551,3.568216578,0.431085408,0.435299844,0.209930211,0.425962776,0.207948461,0.060929015,1.885630965
Bhutan,Southern Asia,2017,97,5.011000156,5.079334562,4.942665751,0.885416389,1.340126514,0.495879292,0.501537681,0.474054545,0.17338039,1.140184402
Bolivia,Latin America and Caribbean,2017,58,5.822999954,5.903976903,5.742023006,0.833756566,1.227619052,0.47363025,0.558732927,0.225560725,0.060477726,2.443279028
Bosnia and Herzegovina,Central and Eastern Europe,2017,90,5.18200016,5.276335687,5.087664634,0.982409418,1.069335938,0.705186307,0.204403177,0.328867495,0,1.892172575
Botswana,Sub-Saharan Africa,2017,142,3.766000032,3.874122666,3.657877399,1.122094154,1.221554995,0.341755509,0.505196333,0.099348448,0.098583199,0.377913713
Brazil,Latin America and Caribbean,2017,22,6.635000229,6.725469502,6.544530956,1.10735321,1.431306005,0.616552353,0.437453747,0.162349895,0.111092761,2.769267082
Bulgaria,Central and Eastern Europe,2017,105,4.714000225,4.803694706,4.624305744,1.161459088,1.434379458,0.70821768,0.289231718,0.113177694,0.011051531,0.996139288
Burkina Faso,Sub-Saharan Africa,2017,134,4.032000065,4.124059064,3.939941065,0.350227714,1.043280005,0.215844259,0.324367851,0.250864685,0.120328106,1.727212906
Burundi,Sub-Saharan Africa,2017,154,2.904999971,3.074690333,2.73530961,0.091622569,0.629793584,0.151610792,0.059900753,0.204435185,0.084147945,1.683024168
Cambodia,Southeastern Asia,2017,129,4.168000221,4.278517814,4.057482629,0.601765096,1.006238341,0.429783404,0.633375823,0.385922968,0.068105951,1.042941093
Cameroon,Sub-Saharan Africa,2017,107,4.695000172,4.796540857,4.593459486,0.564305365,0.946018219,0.132892117,0.430388749,0.236298457,0.051306631,2.333645582
Canada,North America,2017,7,7.315999985,7.384402835,7.247597134,1.479204416,1.481348991,0.834557652,0.611100912,0.435539722,0.287371516,2.187264442
Chad,Sub-Saharan Africa,2017,137,3.936000109,4.034711524,3.837288693,0.438012987,0.953855872,0.041134715,0.162342027,0.21611385,0.053581882,2.071238041
Chile,Latin America and Caribbean,2017,20,6.65199995,6.73925056,6.564749341,1.25278461,1.284024954,0.819479704,0.376895279,0.326662421,0.082287982,2.509585857
China,Eastern Asia,2017,79,5.272999763,5.31927809,5.226721437,1.081165791,1.160837412,0.741415501,0.472787708,0.028806841,0.022794275,1.764938593
Colombia,Latin America and Caribbean,2017,36,6.356999874,6.452020054,6.261979694,1.070622325,1.402182937,0.595027924,0.477487415,0.149014473,0.046668742,2.616068125
Congo (Brazzaville),Sub-Saharan Africa,2017,124,4.290999889,4.410053505,4.171946274,0.808964252,0.832044363,0.289957434,0.435025871,0.120852128,0.079618134,1.724135637
Congo (Kinshasa),Sub-Saharan Africa,2017,126,4.28000021,4.357810833,4.202189587,0.092102349,1.229023457,0.191407025,0.235961348,0.246455833,0.060241356,2.224958658
Costa Rica,Latin America and Caribbean,2017,12,7.078999996,7.168111666,6.989888326,1.109706283,1.416403651,0.759509265,0.58013165,0.214613229,0.100106589,2.898639202
Croatia,Central and Eastern Europe,2017,77,5.293000221,5.391777205,5.194223238,1.222556233,0.967983007,0.701288521,0.255772293,0.248002976,0.04310311,1.854492426
Cyprus,Western Europe,2017,65,5.620999813,5.714692699,5.527306927,1.355938077,1.131363273,0.844714701,0.355111539,0.271254301,0.041237976,1.621249199
Czech Republic,Central and Eastern Europe,2017,23,6.609000206,6.683862463,6.534137949,1.352682352,1.433885217,0.754444003,0.490946174,0.088106759,0.036872927,2.451861858
Denmark,Western Europe,2017,2,7.521999836,7.581728065,7.462271607,1.482383013,1.551121593,0.792565525,0.626006722,0.355280489,0.400770068,2.313707352
Dominican Republic,Latin America and Caribbean,2017,86,5.230000019,5.349060885,5.110939153,1.079373837,1.402416706,0.574873745,0.552589834,0.18696785,0.113945253,1.31946516
Ecuador,Latin America and Caribbean,2017,44,6.007999897,6.105847675,5.910152119,1.000820398,1.286168814,0.685636222,0.455198199,0.150112465,0.140134647,2.290352583
Egypt,Middle East and Northern Africa,2017,104,4.735000134,4.82513379,4.644866477,0.989701807,0.997471392,0.520187259,0.282110155,0.128631443,0.114381365,1.702161074
El Salvador,Latin America and Caribbean,2017,45,6.002999783,6.108635122,5.897364443,0.909784496,1.182125092,0.596018553,0.43245253,0.078257985,0.08998096,2.714593887
Estonia,Central and Eastern Europe,2017,66,5.611000061,5.688139874,5.533860248,1.32087934,1.4766711,0.695168316,0.47913143,0.098890811,0.183248922,1.357508659
Ethiopia,Sub-Saharan Africa,2017,119,4.460000038,4.542728677,4.3772714,0.339233845,0.864669204,0.353409708,0.408842742,0.31265074,0.165455714,2.015743732
Finland,Western Europe,2017,5,7.468999863,7.527542076,7.41045765,1.443571925,1.540246725,0.80915767,0.617950857,0.245482773,0.382611543,2.430181503
France,Western Europe,2017,31,6.441999912,6.515767802,6.368232022,1.430923462,1.387776852,0.844465852,0.470222116,0.129762307,0.172502428,2.005954742
Gabon,Sub-Saharan Africa,2017,118,4.465000153,4.557361766,4.37263854,1.198210239,1.155620217,0.356578588,0.312328577,0.043785378,0.076046787,1.322916269
Georgia,Central and Eastern Europe,2017,125,4.285999775,4.374933966,4.197065584,0.950612664,0.570614934,0.649546981,0.309410036,0.054008815,0.251666635,1.500137806
Germany,Western Europe,2017,16,6.951000214,7.005381569,6.896618858,1.487923384,1.472520351,0.798950732,0.562511384,0.33626917,0.276731938,2.015769958
Ghana,Sub-Saharan Africa,2017,131,4.119999886,4.222707209,4.017292563,0.667224824,0.873664737,0.295637727,0.423026294,0.256923944,0.02533637,1.577867508
Greece,Western Europe,2017,87,5.227000237,5.325246169,5.128754304,1.289487481,1.239414573,0.810198903,0.095731251,0,0.043289777,1.749221563
Guatemala,Latin America and Caribbean,2017,29,6.453999996,6.566873973,6.34112602,0.872001946,1.255585194,0.54023999,0.531310618,0.283488393,0.077223279,2.893891096
Guinea,Sub-Saharan Africa,2017,149,3.506999969,3.584428129,3.42957181,0.24454993,0.791244686,0.194129139,0.348587513,0.264815092,0.110937618,1.552311897
Haiti,Latin America and Caribbean,2017,145,3.602999926,3.734714798,3.471285053,0.368610263,0.640449822,0.27732113,0.030369857,0.489203781,0.09987215,1.697167635
Honduras,Latin America and Caribbean,2017,91,5.181000233,5.301582797,5.060417669,0.730573118,1.143944979,0.58256948,0.34807986,0.236188874,0.073345453,2.065811157
Hungary,Central and Eastern Europe,2017,75,5.323999882,5.403039709,5.244960054,1.286011934,1.343133092,0.687763453,0.175863519,0.078401662,0.036636937,1.716459274
Iceland,Western Europe,2017,3,7.504000187,7.622030473,7.385969901,1.48063302,1.610574007,0.833552122,0.627162635,0.475540221,0.153526559,2.322715282
India,Southern Asia,2017,122,4.315000057,4.371522017,4.258478097,0.792221248,0.754372597,0.455427617,0.469987005,0.231538489,0.092226885,1.519117117
Indonesia,Southeastern Asia,2017,81,5.262000084,5.352888598,5.17111157,0.995538592,1.274444699,0.492345721,0.443323463,0.611704588,0.015317135,1.429476976
Iran,Middle East and Northern Africa,2017,108,4.691999912,4.798224708,4.585775117,1.156873107,0.711551249,0.639333189,0.249322608,0.387242913,0.048761073,1.498734951
Iraq,Middle East and Northern Africa,2017,117,4.497000217,4.62259141,4.371409025,1.102710485,0.978613198,0.50118047,0.288555533,0.199637264,0.107215755,1.318907261
Ireland,Western Europe,2017,15,6.977000237,7.043351668,6.910648805,1.535706639,1.558231115,0.809782624,0.573110342,0.427858323,0.298388153,1.773869038
Israel,Middle East and Northern Africa,2017,11,7.212999821,7.279853256,7.146146385,1.375382423,1.376289964,0.838404,0.405988604,0.330082655,0.0852421,2.801757336
Italy,Western Europe,2017,48,5.964000225,6.042736906,5.885263544,1.395066619,1.444923282,0.853144348,0.256450713,0.172789648,0.028028091,1.813312054
Ivory Coast,Sub-Saharan Africa,2017,128,4.179999828,4.275182563,4.084817093,0.603048921,0.90478003,0.04864217,0.447706193,0.20123747,0.130061775,1.844964266
Jamaica,Latin America and Caribbean,2017,76,5.31099987,5.581398728,5.040601012,0.925579309,1.368218064,0.641022384,0.474307239,0.233818337,0.055267781,1.612325668
Japan,Eastern Asia,2017,51,5.920000076,5.990719445,5.849280708,1.416915178,1.436337829,0.913475871,0.505625546,0.120572768,0.163760737,1.363223553
Jordan,Middle East and Northern Africa,2017,74,5.335999966,5.448410022,5.223589909,0.991012394,1.239088893,0.604590058,0.418421149,0.17217046,0.119803272,1.791176558
Kazakhstan,Central and Eastern Europe,2017,60,5.818999767,5.903641775,5.73435776,1.28455627,1.384369016,0.606041551,0.437454283,0.201964423,0.119282886,1.784892559
Kenya,Sub-Saharan Africa,2017,112,4.552999973,4.655691591,4.450308356,0.560479462,1.067950726,0.30998835,0.452763766,0.444860309,0.064641319,1.651902199
Kosovo,Central and Eastern Europe,2017,78,5.278999805,5.364847995,5.193151615,0.951484382,1.137853503,0.54145205,0.260287941,0.319931448,0.057471618,2.010540724
Kuwait,Middle East and Northern Africa,2017,39,6.105000019,6.191956989,6.018043049,1.632952452,1.259698749,0.632105708,0.496337593,0.228289798,0.21515955,1.640425205
Kyrgyzstan,Central and Eastern Europe,2017,98,5.004000187,5.089919903,4.918080471,0.596220076,1.394238591,0.553457797,0.454943389,0.428580374,0.039439179,1.536723137
Latvia,Central and Eastern Europe,2017,54,5.849999905,5.920263538,5.779736271,1.260748625,1.404714942,0.638566971,0.325707912,0.153074786,0.073842727,1.993655205
Lebanon,Middle East and Northern Africa,2017,88,5.224999905,5.318882288,5.131117521,1.074987531,1.129624248,0.735081077,0.288515985,0.264450759,0.03751383,1.695073843
Liberia,Sub-Saharan Africa,2017,148,3.532999992,3.653756261,3.412243724,0.119041793,0.872117937,0.229918197,0.332881182,0.266549885,0.038948249,1.673285961
Libya,Middle East and Northern Africa,2017,68,5.525000095,5.676953807,5.373046384,1.101803064,1.35756433,0.52016902,0.46573323,0.152073666,0.09261021,1.835011244
Lithuania,Central and Eastern Europe,2017,52,5.90199995,5.982669641,5.821330259,1.314582348,1.473516107,0.62894994,0.234231785,0.010164657,0.011865643,2.228440523
Luxembourg,Western Europe,2017,18,6.862999916,6.9236861,6.802313732,1.741943598,1.457583666,0.845089495,0.596627891,0.283180982,0.318834424,1.619512081
Macedonia,Central and Eastern Europe,2017,92,5.175000191,5.27217264,5.077827742,1.064577937,1.207893014,0.644948184,0.325905979,0.253760964,0.060277794,1.617469311
Madagascar,Sub-Saharan Africa,2017,144,3.644000053,3.714319106,3.573681001,0.305808693,0.913020372,0.375223309,0.189196765,0.20873253,0.067231975,1.584612608
Malawi,Sub-Saharan Africa,2017,136,3.970000029,4.077478817,3.86252124,0.233442038,0.512568831,0.315089583,0.466914654,0.28717047,0.072711654,2.081786156
Malaysia,Southeastern Asia,2017,42,6.084000111,6.179979637,5.988020585,1.29121542,1.284646034,0.618784428,0.402264982,0.41660893,0.065600708,2.004448891
Mali,Sub-Saharan Africa,2017,127,4.190000057,4.269670711,4.110329403,0.476180494,1.281473398,0.169365674,0.306613743,0.183354199,0.104970247,1.668190956
Malta,Western Europe,2017,27,6.52699995,6.598396773,6.455603128,1.343279839,1.488411665,0.821944237,0.588767052,0.574730575,0.153066069,1.556862831
Mauritania,Sub-Saharan Africa,2017,123,4.291999817,4.377163616,4.206836018,0.648457289,1.27203083,0.28534928,0.096098043,0.201870024,0.136957005,1.651637316
Mauritius,Sub-Saharan Africa,2017,64,5.629000187,5.729862192,5.528138182,1.189395547,1.20956099,0.638007462,0.491247326,0.360933751,0.042181555,1.697583914
Mexico,Latin America and Caribbean,2017,25,6.578000069,6.671148908,6.48485123,1.153183818,1.21086216,0.709978998,0.412730008,0.120990433,0.132774115,2.837154865
Moldova,Central and Eastern Europe,2017,56,5.837999821,5.908370838,5.767628803,0.72887063,1.251825571,0.589465201,0.240729049,0.208779126,0.010091286,2.807808399
Mongolia,Eastern Asia,2017,100,4.954999924,5.021679509,4.888320338,1.027235866,1.493011236,0.557783484,0.394143969,0.33846423,0.032902289,1.111292362
Montenegro,Central and Eastern Europe,2017,83,5.236999989,5.341044441,5.132955537,1.121129036,1.238376498,0.667464674,0.194989055,0.197911024,0.088174194,1.729191542
Morocco,Middle East and Northern Africa,2017,84,5.235000134,5.318340965,5.151659302,0.878114581,0.774864435,0.597710669,0.408158332,0.032209955,0.087763183,2.456189394
Myanmar,Southeastern Asia,2017,114,4.545000076,4.614739946,4.475260206,0.36711055,1.123235941,0.397522569,0.514492035,0.838075161,0.188816205,1.115290403
Nepal,Southern Asia,2017,99,4.961999893,5.067356079,4.856643707,0.479820192,1.179283261,0.504130781,0.440305948,0.394096166,0.072975546,1.891241074
Netherlands,Western Europe,2017,6,7.376999855,7.427425841,7.326573869,1.503944635,1.428939223,0.810696125,0.585384488,0.47048983,0.282661825,2.294804096
New Zealand,Australia and New Zealand,2017,8,7.31400013,7.379510442,7.248489818,1.405706048,1.548195124,0.816759706,0.61406213,0.500005126,0.382816702,2.046456337
Nicaragua,Latin America and Caribbean,2017,43,6.071000099,6.1865836,5.955416598,0.737299204,1.28721571,0.653095961,0.447551847,0.301674217,0.130687982,2.513930559
Niger,Sub-Saharan Africa,2017,135,4.027999878,4.11194682,3.944052936,0.161925331,0.993025005,0.268505007,0.363658696,0.228673846,0.138572946,1.873983383
Nigeria,Sub-Saharan Africa,2017,95,5.073999882,5.209500135,4.938499628,0.783756256,1.215770483,0.05691573,0.394952565,0.230947196,0.026121566,2.365390539
North Cyprus,Western Europe,2017,61,5.809999943,5.897366465,5.722633421,1.346911311,1.186303377,0.834647238,0.471203625,0.266845703,0.155353352,1.549157619
Norway,Western Europe,2017,1,7.537000179,7.594444821,7.479555538,1.616463184,1.53352356,0.796666503,0.635422587,0.362012237,0.315963835,2.277026653
Pakistan,Southern Asia,2017,80,5.269000053,5.359983641,5.178016465,0.726883531,0.67269069,0.402047783,0.235215262,0.315446019,0.124348067,2.79248929
Palestinian Territories,Middle East and Northern Africa,2017,103,4.775000095,4.881848343,4.668151848,0.716249228,1.155647159,0.565666974,0.254711062,0.114173174,0.089282602,1.878890276
Panama,Latin America and Caribbean,2017,30,6.452000141,6.557130716,6.346869566,1.233748436,1.373192549,0.706156135,0.550026834,0.210556939,0.070983924,2.307199955
Paraguay,Latin America and Caribbean,2017,70,5.493000031,5.57738127,5.408618791,0.932537317,1.50728488,0.579250693,0.473507792,0.224150658,0.091065913,1.68533349
Peru,Latin America and Caribbean,2017,63,5.715000153,5.811946779,5.618053527,1.035225272,1.218770385,0.630166113,0.450002879,0.126819715,0.047049087,2.20726943
Philippines,Southeastern Asia,2017,72,5.429999828,5.545335054,5.314664602,0.857699215,1.253917575,0.468009055,0.585214674,0.193513423,0.099331893,1.972604752
Poland,Central and Eastern Europe,2017,46,5.97300005,6.053908341,5.892091758,1.291787863,1.44571197,0.699475348,0.520342112,0.158465967,0.059307806,1.797722816
Portugal,Western Europe,2017,89,5.195000172,5.285041733,5.10495861,1.315175295,1.367043018,0.795843542,0.4984653,0.095102713,0.015869452,1.107682705
Qatar,Middle East and Northern Africa,2017,35,6.375,6.568476814,6.181523186,1.870765686,1.27429688,0.710098088,0.604130983,0.33047387,0.439299256,1.14546442
Romania,Central and Eastern Europe,2017,57,5.824999809,5.919694157,5.730305462,1.217683911,1.15009129,0.685158312,0.457003742,0.133519918,0.004387901,2.176831484
Russia,Central and Eastern Europe,2017,49,5.962999821,6.030274907,5.895724734,1.281778097,1.469282389,0.547349334,0.373783112,0.052263822,0.032962881,2.205607414
Rwanda,Sub-Saharan Africa,2017,151,3.470999956,3.543030234,3.398969679,0.368745893,0.945707023,0.326424807,0.581843853,0.252756029,0.455220014,0.540061235
Saudi Arabia,Middle East and Northern Africa,2017,37,6.343999863,6.444166612,6.243833113,1.530623555,1.286677599,0.59014833,0.449750572,0.147616014,0.273432255,2.065429688
Senegal,Sub-Saharan Africa,2017,115,4.534999847,4.601603781,4.468395914,0.479309022,1.179691911,0.409362853,0.377922267,0.183468893,0.115460448,1.789646149
Serbia,Central and Eastern Europe,2017,73,5.394999981,5.491569656,5.298430306,1.069317579,1.258189797,0.650784671,0.208715528,0.220125884,0.040903781,1.947084427
Sierra Leone,Sub-Saharan Africa,2017,106,4.709000111,4.850643335,4.567356886,0.368420929,0.984136045,0.005564754,0.318697691,0.293040901,0.071095176,2.668459892
Singapore,Southeastern Asia,2017,26,6.572000027,6.636723069,6.507276984,1.69227767,1.353814363,0.949492395,0.549840569,0.345965981,0.464307785,1.216362
Slovakia,Central and Eastern Europe,2017,40,6.09800005,6.177348412,6.018651687,1.325393558,1.505059242,0.712732911,0.295817465,0.136544481,0.024210852,2.097776651
Slovenia,Central and Eastern Europe,2017,62,5.757999897,5.84222516,5.673774634,1.341205955,1.452518821,0.790828228,0.572575808,0.242649093,0.045128979,1.313317299
South Africa,Sub-Saharan Africa,2017,101,4.828999996,4.929435188,4.728564805,1.054698706,1.384788632,0.18708007,0.479246736,0.13936238,0.072509497,1.510908604
South Korea,Eastern Asia,2017,55,5.837999821,5.922559028,5.753440613,1.401678443,1.128274441,0.900214076,0.257921666,0.206674367,0.063282669,1.880378008
Spain,Western Europe,2017,34,6.402999878,6.471054845,6.334944911,1.384397864,1.532090902,0.8889606,0.40878123,0.190133572,0.070914097,1.92775774
Sri Lanka,Southern Asia,2017,120,4.440000057,4.553447192,4.326552922,1.009850144,1.259976387,0.625130832,0.561213255,0.490863562,0.073653966,0.419389248
Sudan,Sub-Saharan Africa,2017,130,4.138999939,4.345747165,3.932252713,0.659516692,1.21400857,0.290920824,0.014995855,0.182317451,0.08984752,1.68706584
Sweden,Western Europe,2017,9,7.28399992,7.344094877,7.223904962,1.494387269,1.478162169,0.830875158,0.612924099,0.385399252,0.384398729,2.097537994
Switzerland,Western Europe,2017,4,7.493999958,7.56177242,7.426227496,1.564979553,1.516911745,0.858131289,0.620070577,0.290549278,0.367007285,2.276716232
Syria,Middle East and Northern Africa,2017,152,3.461999893,3.663668557,3.26033123,0.777153134,0.396102607,0.500533342,0.081539445,0.493663728,0.151347131,1.061573505
Tajikistan,Central and Eastern Europe,2017,96,5.040999889,5.111425596,4.970574183,0.524713635,1.271463275,0.529235125,0.471566707,0.248997644,0.146377146,1.84904933
Tanzania,Sub-Saharan Africa,2017,153,3.348999977,3.461429755,3.236570199,0.511135876,1.041989803,0.364509284,0.390017778,0.354256362,0.066035107,0.621130466
Thailand,Southeastern Asia,2017,32,6.423999786,6.509116856,6.338882717,1.127868772,1.425792456,0.647239029,0.580200732,0.57212311,0.031612735,2.039508343
Trinidad and Tobago,Latin America and Caribbean,2017,38,6.168000221,6.381533891,5.954466552,1.361355901,1.380228519,0.519983292,0.518630743,0.325296462,0.008964816,2.053247452
Tunisia,Middle East and Northern Africa,2017,102,4.804999828,4.884367007,4.72563265,1.007265806,0.86835146,0.613212049,0.28968069,0.049693357,0.086723149,1.89025116
Turkey,Middle East and Northern Africa,2017,69,5.5,5.594864963,5.405135037,1.198274374,1.337753177,0.637605608,0.3007406,0.046693042,0.09967158,1.879277945
Turkmenistan,Central and Eastern Europe,2017,59,5.822000027,5.885180876,5.758819178,1.130776763,1.493149161,0.43772608,0.418271929,0.249924988,0.25927034,1.832909822
Uganda,Sub-Saharan Africa,2017,133,4.080999851,4.195799967,3.966199735,0.381430715,1.129827738,0.217632607,0.443185955,0.325766057,0.057069719,1.526362658
Ukraine,Central and Eastern Europe,2017,132,4.096000195,4.185410105,4.006590285,0.894651949,1.394537568,0.575903952,0.122974776,0.270061463,0.023029471,0.814382315
United Arab Emirates,Middle East and Northern Africa,2017,21,6.647999763,6.722047304,6.573952223,1.626343369,1.266410232,0.726798236,0.60834527,0.360941947,0.324489564,1.734703541
United Kingdom,Western Europe,2017,19,6.714000225,6.783791761,6.644208689,1.44163394,1.49646008,0.805335939,0.508190036,0.492774159,0.265428066,1.704143524
United States,North America,2017,14,6.993000031,7.074656748,6.911343313,1.546259284,1.419920564,0.774286628,0.505740523,0.392578781,0.135638788,2.218113422
Uruguay,Latin America and Caribbean,2017,28,6.453999996,6.545906218,6.362093775,1.217559695,1.412227869,0.719216824,0.579392254,0.175096929,0.178061873,2.172409534
Uzbekistan,Central and Eastern Europe,2017,47,5.971000195,6.065537573,5.876462816,0.786441088,1.54896915,0.498272628,0.658248663,0.415983647,0.246528223,1.816913605
Venezuela,Latin America and Caribbean,2017,82,5.25,5.370031946,5.129968054,1.128431201,1.431337595,0.617144227,0.153997123,0.06501963,0.064491123,1.789463758
Vietnam,Southeastern Asia,2017,94,5.073999882,5.147280765,5.000718999,0.788547575,1.277491331,0.652168989,0.571055591,0.234968051,0.087633237,1.462318659
Yemen,Middle East and Northern Africa,2017,146,3.592999935,3.69275032,3.49324955,0.591683447,0.935382247,0.310080916,0.249463722,0.104125209,0.056767423,1.345600605
Zambia,Sub-Saharan Africa,2017,116,4.513999939,4.644105501,4.383894376,0.636406779,1.003187299,0.257835895,0.461603492,0.249580145,0.07821355,1.826705456
Zimbabwe,Sub-Saharan Africa,2017,138,3.875,3.978699643,3.771300357,0.375846535,1.083095908,0.196763754,0.336384207,0.189143494,0.095375381,1.597970247
Afghanistan,Southern Asia,2016,154,3.36,3.432,3.288,0.38227,0.11037,0.17344,0.1643,0.31268,0.07112,2.14558
Albania,Central and Eastern Europe,2016,109,4.655,4.764,4.546,0.9553,0.50163,0.73007,0.31866,0.1684,0.05301,1.92816
Algeria,Middle East and Northern Africa,2016,38,6.355,6.483,6.227,1.05266,0.83309,0.61804,0.21006,0.07044,0.16157,3.40904
Angola,Sub-Saharan Africa,2016,141,3.866,3.979,3.753,0.84731,0.66366,0.04991,0.00589,0.12071,0.08434,2.09459
Argentina,Latin America and Caribbean,2016,26,6.65,6.74,6.56,1.15137,1.06612,0.69711,0.42284,0.10989,0.07296,3.12985
Armenia,Central and Eastern Europe,2016,121,4.36,4.454,4.266,0.86086,0.62477,0.64083,0.14037,0.07793,0.03616,1.97864
Australia,Australia and New Zealand,2016,9,7.313,7.385,7.241,1.44443,1.10476,0.8512,0.56837,0.47407,0.32331,2.5465
Austria,Western Europe,2016,12,7.119,7.193,7.045,1.45038,1.08383,0.80565,0.54355,0.32865,0.21348,2.69343
Azerbaijan,Central and Eastern Europe,2016,81,5.291,5.356,5.226,1.12373,0.76042,0.54504,0.35327,0.0564,0.17914,2.2735
Bahrain,Middle East and Northern Africa,2016,42,6.218,6.308,6.128,1.44024,0.94397,0.65696,0.47375,0.17147,0.25772,2.27405
Bangladesh,Southern Asia,2016,110,4.643,4.726,4.56,0.54177,0.24749,0.52989,0.39778,0.19132,0.12583,2.60904
Belarus,Central and Eastern Europe,2016,61,5.802,5.881,5.723,1.13062,1.04993,0.63104,0.29091,0.13942,0.17457,2.38582
Belgium,Western Europe,2016,18,6.929,6.997,6.861,1.42539,1.05249,0.81959,0.51354,0.2424,0.26248,2.61355
Benin,Sub-Saharan Africa,2016,153,3.484,3.564,3.404,0.39499,0.10419,0.21028,0.39747,0.2018,0.06681,2.10812
Bhutan,Southern Asia,2016,84,5.196,5.254,5.138,0.8527,0.90836,0.49759,0.46074,0.48546,0.1616,1.82916
Bolivia,Latin America and Caribbean,2016,59,5.822,5.904,5.74,0.79422,0.83779,0.4697,0.50961,0.21698,0.07746,2.91635
Bosnia and Herzegovina,Central and Eastern Europe,2016,87,5.163,5.263,5.063,0.93383,0.64367,0.70766,0.09511,0.29889,0,2.48406
Botswana,Sub-Saharan Africa,2016,137,3.974,4.073,3.875,1.09426,0.89186,0.34752,0.44089,0.12425,0.10769,0.96741
Brazil,Latin America and Caribbean,2016,17,6.952,7.029,6.875,1.08754,1.03938,0.61415,0.40425,0.15776,0.14166,3.50733
Bulgaria,Central and Eastern Europe,2016,129,4.217,4.33,4.104,1.11306,0.92542,0.67806,0.21219,0.12793,0.00615,1.15377
Burkina Faso,Sub-Saharan Africa,2016,145,3.739,3.831,3.647,0.31995,0.63054,0.21297,0.3337,0.24353,0.12533,1.87319
Burundi,Sub-Saharan Africa,2016,157,2.905,3.078,2.732,0.06831,0.23442,0.15747,0.0432,0.2029,0.09419,2.10404
Cambodia,Southeastern Asia,2016,140,3.907,4.016,3.798,0.55604,0.5375,0.42494,0.58852,0.40339,0.08092,1.31573
Cameroon,Sub-Saharan Africa,2016,114,4.513,4.609,4.417,0.52497,0.62542,0.12698,0.42736,0.2268,0.06126,2.5198
Canada,North America,2016,6,7.404,7.473,7.335,1.44015,1.0961,0.8276,0.5737,0.44834,0.31329,2.70485
Chad,Sub-Saharan Africa,2016,144,3.763,3.854,3.672,0.42214,0.63178,0.03824,0.12807,0.18667,0.04952,2.30637
Chile,Latin America and Caribbean,2016,24,6.705,6.795,6.615,1.2167,0.90587,0.81883,0.37789,0.31595,0.11451,2.95505
China,Eastern Asia,2016,83,5.245,5.291,5.199,1.0278,0.79381,0.73561,0.44012,0.04959,0.02745,2.17087
Colombia,Latin America and Caribbean,2016,31,6.481,6.578,6.384,1.03032,1.02169,0.59659,0.44735,0.15626,0.05399,3.17471
Congo (Brazzaville),Sub-Saharan Africa,2016,127,4.236,4.365,4.107,0.77109,0.47799,0.28212,0.37938,0.12077,0.09753,2.10681
Congo (Kinshasa),Sub-Saharan Africa,2016,125,4.272,4.353,4.191,0.05661,0.80676,0.188,0.15602,0.25458,0.06075,2.74924
Costa Rica,Latin America and Caribbean,2016,14,7.087,7.175,6.999,1.06879,1.02152,0.76146,0.55225,0.22553,0.10547,3.35168
Croatia,Central and Eastern Europe,2016,74,5.488,5.574,5.402,1.18649,0.60809,0.70524,0.23907,0.18434,0.04002,2.52462
Cyprus,Western Europe,2016,69,5.546,5.65,5.442,1.31857,0.70697,0.8488,0.29507,0.27906,0.05228,2.04497
Czech Republic,Central and Eastern Europe,2016,27,6.596,6.677,6.515,1.30915,1.00793,0.76376,0.41418,0.09929,0.03986,2.96211
Denmark,Western Europe,2016,1,7.526,7.592,7.46,1.44178,1.16374,0.79504,0.57941,0.36171,0.44453,2.73939
Dominican Republic,Latin America and Caribbean,2016,89,5.155,5.273,5.037,1.02787,0.99496,0.57669,0.52259,0.21286,0.12372,1.69626
Ecuador,Latin America and Caribbean,2016,51,5.976,6.072,5.88,0.97306,0.85974,0.68613,0.4027,0.10074,0.18037,2.77366
Egypt,Middle East and Northern Africa,2016,120,4.362,4.465,4.259,0.95395,0.49813,0.52116,0.18847,0.12706,0.10393,1.96895
El Salvador,Latin America and Caribbean,2016,46,6.068,6.169,5.967,0.8737,0.80975,0.596,0.37269,0.08877,0.10613,3.22134
Estonia,Central and Eastern Europe,2016,72,5.517,5.597,5.437,1.27964,1.05163,0.68098,0.41511,0.08423,0.18519,1.81985
Ethiopia,Sub-Saharan Africa,2016,115,4.508,4.591,4.425,0.29283,0.37932,0.34578,0.36703,0.29522,0.1717,2.65614
Finland,Western Europe,2016,5,7.413,7.475,7.351,1.40598,1.13464,0.81091,0.57104,0.25492,0.41004,2.82596
France,Western Europe,2016,32,6.478,6.559,6.397,1.39488,1.00508,0.83795,0.46562,0.1216,0.17808,2.4744
Gabon,Sub-Saharan Africa,2016,134,4.121,4.212,4.03,1.15851,0.72368,0.3494,0.28098,0.06244,0.09314,1.45332
Georgia,Central and Eastern Europe,2016,126,4.252,4.34,4.164,0.83792,0.19249,0.64035,0.32461,0.06786,0.3188,1.87031
Germany,Western Europe,2016,16,6.994,7.058,6.93,1.44787,1.09774,0.81487,0.53466,0.30452,0.28551,2.50931
Ghana,Sub-Saharan Africa,2016,124,4.276,4.367,4.185,0.63107,0.49353,0.29681,0.40973,0.21203,0.0326,2.2002
Greece,Western Europe,2016,99,5.033,5.131,4.935,1.24886,0.75473,0.80029,0.05822,0,0.04127,2.12944
Guatemala,Latin America and Caribbean,2016,39,6.324,6.435,6.213,0.83454,0.87119,0.54039,0.50379,0.28808,0.08701,3.19863
Guinea,Sub-Saharan Africa,2016,151,3.607,3.681,3.533,0.22415,0.3109,0.18829,0.30953,0.29914,0.1192,2.15604
Haiti,Latin America and Caribbean,2016,136,4.028,4.163,3.893,0.34097,0.29561,0.27494,0.12072,0.47958,0.14476,2.37116
Honduras,Latin America and Caribbean,2016,104,4.871,4.992,4.75,0.69429,0.75596,0.58383,0.26755,0.2044,0.06906,2.29551
Hungary,Central and Eastern Europe,2016,91,5.145,5.234,5.056,1.24142,0.93164,0.67608,0.1977,0.099,0.04472,1.95473
Iceland,Western Europe,2016,3,7.501,7.669,7.333,1.42666,1.18326,0.86733,0.56624,0.47678,0.14975,2.83137
India,Southern Asia,2016,118,4.404,4.457,4.351,0.74036,0.29247,0.45091,0.40285,0.25028,0.08722,2.18032
Indonesia,Southeastern Asia,2016,79,5.314,5.391,5.237,0.95104,0.87625,0.49374,0.39237,0.56521,0.00322,2.03171
Iran,Middle East and Northern Africa,2016,105,4.813,4.923,4.703,1.11758,0.38857,0.64232,0.22544,0.38538,0.0557,1.99817
Iraq,Middle East and Northern Africa,2016,112,4.575,4.704,4.446,1.07474,0.59205,0.51076,0.24856,0.19589,0.13636,1.81657
Ireland,Western Europe,2016,19,6.907,6.978,6.836,1.48341,1.16157,0.81455,0.54008,0.44963,0.29754,2.15988
Israel,Middle East and Northern Africa,2016,11,7.267,7.335,7.199,1.33766,0.99537,0.84917,0.36432,0.32288,0.08728,3.31029
Italy,Western Europe,2016,50,5.977,6.056,5.898,1.35495,1.04167,0.85102,0.18827,0.16684,0.02556,2.34918
Ivory Coast,Sub-Saharan Africa,2016,139,3.916,4.006,3.826,0.55507,0.57576,0.04476,0.40663,0.20338,0.1553,1.97478
Jamaica,Latin America and Caribbean,2016,73,5.51,5.705,5.315,0.89333,0.96372,0.59469,0.43597,0.22245,0.04294,2.35682
Japan,Eastern Asia,2016,53,5.921,5.992,5.85,1.38007,1.06054,0.91491,0.46761,0.10224,0.18985,1.80584
Jordan,Middle East and Northern Africa,2016,80,5.303,5.419,5.187,0.99673,0.86216,0.60712,0.36023,0.14262,0.13297,2.20142
Kazakhstan,Central and Eastern Europe,2016,54,5.919,6.001,5.837,1.22943,0.95544,0.57386,0.4052,0.15011,0.11132,2.49325
Kenya,Sub-Saharan Africa,2016,122,4.356,4.453,4.259,0.52267,0.7624,0.30147,0.40576,0.41328,0.06686,1.88326
Kosovo,Central and Eastern Europe,2016,77,5.401,5.494,5.308,0.90145,0.66062,0.54,0.14396,0.27992,0.06547,2.80998
Kuwait,Middle East and Northern Africa,2016,41,6.239,6.324,6.154,1.61714,0.87758,0.63569,0.43166,0.15965,0.23669,2.28085
Kyrgyzstan,Central and Eastern Europe,2016,85,5.185,5.267,5.103,0.56044,0.95434,0.55449,0.40212,0.38432,0.04762,2.28136
Latvia,Central and Eastern Europe,2016,68,5.56,5.634,5.486,1.21788,0.95025,0.63952,0.27996,0.17445,0.0889,2.20859
Lebanon,Middle East and Northern Africa,2016,93,5.129,5.227,5.031,1.12268,0.64184,0.76171,0.26228,0.23693,0.03061,2.07339
Liberia,Sub-Saharan Africa,2016,150,3.622,3.781,3.463,0.10706,0.50353,0.23165,0.25748,0.24063,0.04852,2.23284
Libya,Middle East and Northern Africa,2016,67,5.615,5.824,5.406,1.06688,0.95076,0.52304,0.40672,0.17087,0.10339,2.39374
Lithuania,Central and Eastern Europe,2016,60,5.813,5.892,5.734,1.2692,1.06411,0.64674,0.18929,0.02025,0.0182,2.60525
Luxembourg,Western Europe,2016,20,6.871,6.938,6.804,1.69752,1.03999,0.84542,0.5487,0.27571,0.35329,2.11055
Macedonia,Central and Eastern Europe,2016,95,5.121,5.225,5.017,1.0193,0.78236,0.64738,0.27668,0.23507,0.07047,2.08947
Madagascar,Sub-Saharan Africa,2016,148,3.695,3.769,3.621,0.27954,0.46115,0.37109,0.13684,0.2204,0.07506,2.15075
Malawi,Sub-Saharan Africa,2016,132,4.156,4.271,4.041,0.08709,0.147,0.29364,0.4143,0.30968,0.07564,2.82859
Malaysia,Southeastern Asia,2016,47,6.005,6.089,5.921,1.25142,0.88025,0.62366,0.39031,0.41474,0.09081,2.35384
Mali,Sub-Saharan Africa,2016,135,4.073,4.158,3.988,0.31292,0.86333,0.16347,0.27544,0.21064,0.13647,2.11087
Malta,Western Europe,2016,30,6.488,6.567,6.409,1.30782,1.09879,0.80315,0.54994,0.56237,0.17554,1.99032
Mauritania,Sub-Saharan Africa,2016,130,4.201,4.275,4.127,0.61391,0.84142,0.28639,0.1268,0.22686,0.17955,1.9263
Mauritius,Sub-Saharan Africa,2016,66,5.648,5.789,5.507,1.14372,0.75695,0.66189,0.46145,0.36951,0.05203,2.20223
Mexico,Latin America and Caribbean,2016,21,6.778,6.876,6.68,1.11508,0.7146,0.71143,0.37709,0.11735,0.18355,3.55906
Moldova,Central and Eastern Europe,2016,55,5.897,5.971,5.823,0.69177,0.83132,0.52309,0.25202,0.19997,0.01903,3.38007
Mongolia,Eastern Asia,2016,101,4.907,4.976,4.838,0.98853,1.08983,0.55469,0.35972,0.34539,0.03285,1.53586
Montenegro,Central and Eastern Europe,2016,88,5.161,5.267,5.055,1.07838,0.74173,0.63533,0.15111,0.17191,0.12721,2.25531
Morocco,Middle East and Northern Africa,2016,90,5.151,5.244,5.058,0.84058,0.38595,0.59471,0.25646,0.04053,0.08404,2.94891
Myanmar,Southeastern Asia,2016,119,4.395,4.463,4.327,0.34112,0.69981,0.3988,0.42692,0.81971,0.20243,1.50655
Nepal,Southern Asia,2016,107,4.793,4.888,4.698,0.44626,0.69699,0.50073,0.37012,0.3816,0.07008,2.32694
Netherlands,Western Europe,2016,7,7.339,7.394,7.284,1.46468,1.02912,0.81231,0.55211,0.47416,0.29927,2.70749
New Zealand,Australia and New Zealand,2016,8,7.334,7.404,7.264,1.36066,1.17278,0.83096,0.58147,0.49401,0.41904,2.47553
Nicaragua,Latin America and Caribbean,2016,48,5.992,6.107,5.877,0.69384,0.89521,0.65213,0.46582,0.29773,0.16292,2.82428
Niger,Sub-Saharan Africa,2016,142,3.856,3.931,3.781,0.1327,0.6053,0.26162,0.38041,0.2097,0.17176,2.09469
Nigeria,Sub-Saharan Africa,2016,103,4.875,5,4.75,0.75216,0.64498,0.05108,0.27854,0.23219,0.0305,2.88586
North Cyprus,Western Europe,2016,62,5.771,5.872,5.67,1.31141,0.81826,0.84142,0.43596,0.26322,0.16578,1.93447
Norway,Western Europe,2016,4,7.498,7.575,7.421,1.57744,1.1269,0.79579,0.59609,0.37895,0.35776,2.66465
Pakistan,Southern Asia,2016,92,5.132,5.226,5.038,0.68816,0.26135,0.40306,0.14622,0.31185,0.1388,3.18286
Palestinian Territories,Middle East and Northern Africa,2016,108,4.754,4.859,4.649,0.67024,0.71629,0.56844,0.17744,0.11154,0.10613,2.40364
Panama,Latin America and Caribbean,2016,25,6.701,6.801,6.601,1.18306,0.98912,0.70835,0.48927,0.2418,0.08423,3.00559
Paraguay,Latin America and Caribbean,2016,70,5.538,5.623,5.453,0.89373,1.11111,0.58295,0.46235,0.25296,0.07396,2.16091
Peru,Latin America and Caribbean,2016,64,5.743,5.839,5.647,0.99602,0.81255,0.62994,0.37502,0.14527,0.05292,2.73117
Philippines,Southeastern Asia,2016,82,5.279,5.398,5.16,0.81217,0.87877,0.47036,0.54854,0.21674,0.11757,2.23484
Poland,Central and Eastern Europe,2016,57,5.835,5.921,5.749,1.24585,1.04685,0.69058,0.4519,0.14443,0.055,2.20035
Portugal,Western Europe,2016,94,5.123,5.216,5.03,1.27607,0.94367,0.79363,0.44727,0.11691,0.01521,1.53015
Qatar,Middle East and Northern Africa,2016,36,6.375,6.572,6.178,1.82427,0.87964,0.71723,0.56679,0.32388,0.48049,1.58224
Romania,Central and Eastern Europe,2016,71,5.528,5.629,5.427,1.1697,0.72803,0.67602,0.36712,0.12889,0.00679,2.45184
Russia,Central and Eastern Europe,2016,56,5.856,5.923,5.789,1.23228,1.05261,0.58991,0.32682,0.02736,0.03586,2.59115
Rwanda,Sub-Saharan Africa,2016,152,3.515,3.586,3.444,0.32846,0.61586,0.31865,0.5432,0.23552,0.50521,0.96819
Saudi Arabia,Middle East and Northern Africa,2016,34,6.379,6.471,6.287,1.48953,0.84829,0.59267,0.37904,0.15457,0.30008,2.61482
Senegal,Sub-Saharan Africa,2016,128,4.219,4.287,4.151,0.44314,0.77416,0.40457,0.31056,0.19103,0.11681,1.97861
Serbia,Central and Eastern Europe,2016,86,5.177,5.271,5.083,1.03437,0.81329,0.6458,0.15718,0.20737,0.04339,2.27539
Sierra Leone,Sub-Saharan Africa,2016,111,4.635,4.765,4.505,0.36485,0.628,0,0.30685,0.23897,0.08196,3.01402
Singapore,Southeastern Asia,2016,22,6.739,6.804,6.674,1.64555,0.86758,0.94719,0.4877,0.32706,0.46987,1.99375
Slovakia,Central and Eastern Europe,2016,45,6.078,6.16,5.996,1.27973,1.08268,0.70367,0.23391,0.13837,0.02947,2.61065
Slovenia,Central and Eastern Europe,2016,63,5.768,5.853,5.683,1.29947,1.05613,0.79151,0.53164,0.25738,0.03635,1.79522
South Africa,Sub-Saharan Africa,2016,116,4.459,4.547,4.371,1.02416,0.96053,0.18611,0.42483,0.13656,0.08415,1.64227
South Korea,Eastern Asia,2016,57,5.835,5.923,5.747,1.35948,0.72194,0.88645,0.25168,0.18824,0.07716,2.35015
Spain,Western Europe,2016,37,6.361,6.434,6.288,1.34253,1.12945,0.87896,0.37545,0.17665,0.06137,2.39663
Sri Lanka,Southern Asia,2016,117,4.415,4.508,4.322,0.97318,0.84783,0.62007,0.50817,0.46978,0.07964,0.91681
Sudan,Sub-Saharan Africa,2016,133,4.139,4.35,3.928,0.63069,0.81928,0.29759,0,0.18077,0.10039,2.10995
Sweden,Western Europe,2016,10,7.291,7.355,7.227,1.45181,1.08764,0.83121,0.58218,0.38254,0.40867,2.54734
Switzerland,Western Europe,2016,2,7.509,7.59,7.428,1.52733,1.14524,0.86303,0.58557,0.28083,0.41203,2.69463
Syria,Middle East and Northern Africa,2016,156,3.069,3.202,2.936,0.74719,0.14866,0.62994,0.06912,0.48397,0.17233,0.81789
Tajikistan,Central and Eastern Europe,2016,100,4.996,5.069,4.923,0.48835,0.75602,0.53119,0.43408,0.25998,0.13509,2.39106
Tanzania,Sub-Saharan Africa,2016,149,3.666,3.771,3.561,0.47155,0.77623,0.357,0.3176,0.31472,0.05099,1.37769
Thailand,Southeastern Asia,2016,33,6.474,6.552,6.396,1.0893,1.04477,0.64915,0.49553,0.58696,0.02833,2.5796
Trinidad and Tobago,Latin America and Caribbean,2016,43,6.168,6.386,5.95,1.32572,0.98569,0.52608,0.48453,0.31935,0.01241,2.51394
Tunisia,Middle East and Northern Africa,2016,98,5.045,5.125,4.965,0.97724,0.43165,0.59577,0.23553,0.03936,0.0817,2.68413
Turkey,Middle East and Northern Africa,2016,78,5.389,5.483,5.295,1.16492,0.87717,0.64718,0.23889,0.04707,0.12348,2.29074
Turkmenistan,Central and Eastern Europe,2016,65,5.658,5.736,5.58,1.08017,1.03817,0.44006,0.37408,0.22567,0.28467,2.21489
Uganda,Sub-Saharan Africa,2016,145,3.739,3.849,3.629,0.34719,0.90981,0.19625,0.43653,0.27102,0.06442,1.51416
Ukraine,Central and Eastern Europe,2016,123,4.324,4.412,4.236,0.87287,1.01413,0.58628,0.12859,0.20363,0.01829,1.50066
United Arab Emirates,Middle East and Northern Africa,2016,28,6.573,6.652,6.494,1.57352,0.87114,0.72993,0.56215,0.26591,0.35561,2.21507
United Kingdom,Western Europe,2016,23,6.725,6.803,6.647,1.40283,1.08672,0.80991,0.50036,0.50156,0.27399,2.14999
United States,North America,2016,13,7.104,7.188,7.02,1.50796,1.04782,0.779,0.48163,0.41077,0.14868,2.72782
Uruguay,Latin America and Caribbean,2016,29,6.545,6.634,6.456,1.18157,1.03143,0.72183,0.54388,0.18056,0.21394,2.67139
Uzbekistan,Central and Eastern Europe,2016,49,5.987,6.078,5.896,0.73591,1.1681,0.50163,0.60848,0.34326,0.28333,2.34638
Venezuela,Latin America and Caribbean,2016,44,6.084,6.195,5.973,1.13367,1.03302,0.61904,0.19847,0.0425,0.08304,2.97468
Vietnam,Southeastern Asia,2016,96,5.061,5.131,4.991,0.74037,0.79117,0.66157,0.55954,0.25075,0.11556,1.9418
Yemen,Middle East and Northern Africa,2016,147,3.724,3.827,3.621,0.57939,0.47493,0.31048,0.2287,0.09821,0.05892,1.97295
Zambia,Sub-Saharan Africa,2016,106,4.795,4.945,4.645,0.61202,0.6376,0.23573,0.42662,0.17866,0.11479,2.58991
Zimbabwe,Sub-Saharan Africa,2016,131,4.193,4.285,4.101,0.35041,0.71478,0.1595,0.25429,0.18503,0.08582,2.4427
Switzerland,Western Europe,2015,1,7.587,,,1.39651,1.34951,0.94143,0.66557,0.29678,0.41978,2.51738
Iceland,Western Europe,2015,2,7.561,,,1.30232,1.40223,0.94784,0.62877,0.4363,0.14145,2.70201
Denmark,Western Europe,2015,3,7.527,,,1.32548,1.36058,0.87464,0.64938,0.34139,0.48357,2.49204
Norway,Western Europe,2015,4,7.522,,,1.459,1.33095,0.88521,0.66973,0.34699,0.36503,2.46531
Canada,North America,2015,5,7.427,,,1.32629,1.32261,0.90563,0.63297,0.45811,0.32957,2.45176
Finland,Western Europe,2015,6,7.406,,,1.29025,1.31826,0.88911,0.64169,0.23351,0.41372,2.61955
Netherlands,Western Europe,2015,7,7.378,,,1.32944,1.28017,0.89284,0.61576,0.4761,0.31814,2.4657
Sweden,Western Europe,2015,8,7.364,,,1.33171,1.28907,0.91087,0.6598,0.36262,0.43844,2.37119
New Zealand,Australia and New Zealand,2015,9,7.286,,,1.25018,1.31967,0.90837,0.63938,0.47501,0.42922,2.26425
Australia,Australia and New Zealand,2015,10,7.284,,,1.33358,1.30923,0.93156,0.65124,0.43562,0.35637,2.26646
Israel,Middle East and Northern Africa,2015,11,7.278,,,1.22857,1.22393,0.91387,0.41319,0.33172,0.07785,3.08854
Costa Rica,Latin America and Caribbean,2015,12,7.226,,,0.95578,1.23788,0.86027,0.63376,0.25497,0.10583,3.17728
Austria,Western Europe,2015,13,7.2,,,1.33723,1.29704,0.89042,0.62433,0.33088,0.18676,2.5332
Mexico,Latin America and Caribbean,2015,14,7.187,,,1.02054,0.91451,0.81444,0.48181,0.14074,0.21312,3.60214
United States,North America,2015,15,7.119,,,1.39451,1.24711,0.86179,0.54604,0.40105,0.1589,2.51011
Brazil,Latin America and Caribbean,2015,16,6.983,,,0.98124,1.23287,0.69702,0.49049,0.14574,0.17521,3.26001
Luxembourg,Western Europe,2015,17,6.946,,,1.56391,1.21963,0.91894,0.61583,0.28034,0.37798,1.96961
Ireland,Western Europe,2015,18,6.94,,,1.33596,1.36948,0.89533,0.61777,0.45901,0.28703,1.9757
Belgium,Western Europe,2015,19,6.937,,,1.30782,1.28566,0.89667,0.5845,0.2225,0.2254,2.41484
United Arab Emirates,Middle East and Northern Africa,2015,20,6.901,,,1.42727,1.12575,0.80925,0.64157,0.26428,0.38583,2.24743
United Kingdom,Western Europe,2015,21,6.867,,,1.26637,1.28548,0.90943,0.59625,0.51912,0.32067,1.96994
Venezuela,Latin America and Caribbean,2015,23,6.81,,,1.04424,1.25596,0.72052,0.42908,0.05841,0.11069,3.19131
Singapore,Southeastern Asia,2015,24,6.798,,,1.52186,1.02,1.02525,0.54252,0.31105,0.4921,1.88501
Panama,Latin America and Caribbean,2015,25,6.786,,,1.06353,1.1985,0.79661,0.5421,0.24434,0.0927,2.84848
Germany,Western Europe,2015,26,6.75,,,1.32792,1.29937,0.89186,0.61477,0.28214,0.21843,2.11569
Chile,Latin America and Caribbean,2015,27,6.67,,,1.10715,1.12447,0.85857,0.44132,0.33363,0.12869,2.67585
Qatar,Middle East and Northern Africa,2015,28,6.611,,,1.69042,1.0786,0.79733,0.6404,0.32573,0.52208,1.55674
France,Western Europe,2015,29,6.575,,,1.27778,1.26038,0.94579,0.55011,0.12332,0.20646,2.21126
Argentina,Latin America and Caribbean,2015,30,6.574,,,1.05351,1.24823,0.78723,0.44974,0.11451,0.08484,2.836
Czech Republic,Central and Eastern Europe,2015,31,6.505,,,1.17898,1.20643,0.84483,0.46364,0.10686,0.02652,2.67782
Uruguay,Latin America and Caribbean,2015,32,6.485,,,1.06166,1.2089,0.8116,0.60362,0.2324,0.24558,2.32142
Colombia,Latin America and Caribbean,2015,33,6.477,,,0.91861,1.24018,0.69077,0.53466,0.18401,0.0512,2.85737
Thailand,Southeastern Asia,2015,34,6.455,,,0.9669,1.26504,0.7385,0.55664,0.5763,0.03187,2.31945
Saudi Arabia,Middle East and Northern Africa,2015,35,6.411,,,1.39541,1.08393,0.72025,0.31048,0.13706,0.32524,2.43872
Spain,Western Europe,2015,36,6.329,,,1.23011,1.31379,0.95562,0.45951,0.18227,0.06398,2.12367
Malta,Western Europe,2015,37,6.302,,,1.2074,1.30203,0.88721,0.60365,0.51752,0.13586,1.6488
Kuwait,Middle East and Northern Africa,2015,39,6.295,,,1.55422,1.16594,0.72492,0.55499,0.16228,0.25609,1.87634
Trinidad and Tobago,Latin America and Caribbean,2015,41,6.168,,,1.21183,1.18354,0.61483,0.55884,0.31844,0.0114,2.26882
El Salvador,Latin America and Caribbean,2015,42,6.13,,,0.76454,1.02507,0.67737,0.4035,0.10692,0.11776,3.035
Guatemala,Latin America and Caribbean,2015,43,6.123,,,0.74553,1.04356,0.64425,0.57733,0.27489,0.09472,2.74255
Uzbekistan,Central and Eastern Europe,2015,44,6.003,,,0.63244,1.34043,0.59772,0.65821,0.22837,0.30826,2.23741
Slovakia,Central and Eastern Europe,2015,45,5.995,,,1.16891,1.26999,0.78902,0.31751,0.16893,0.03431,2.24639
Japan,Eastern Asia,2015,46,5.987,,,1.27074,1.25712,0.99111,0.49615,0.10705,0.1806,1.68435
South Korea,Eastern Asia,2015,47,5.984,,,1.24461,0.95774,0.96538,0.33208,0.18557,0.07857,2.21978
Ecuador,Latin America and Caribbean,2015,48,5.975,,,0.86402,0.99903,0.79075,0.48574,0.11541,0.1809,2.53942
Bahrain,Middle East and Northern Africa,2015,49,5.96,,,1.32376,1.21624,0.74716,0.45492,0.17362,0.306,1.73797
Italy,Western Europe,2015,50,5.948,,,1.25114,1.19777,0.95446,0.26236,0.22823,0.02901,2.02518
Bolivia,Latin America and Caribbean,2015,51,5.89,,,0.68133,0.97841,0.5392,0.57414,0.20536,0.088,2.82334
Moldova,Central and Eastern Europe,2015,52,5.889,,,0.59448,1.01528,0.61826,0.32818,0.20951,0.01615,3.10712
Paraguay,Latin America and Caribbean,2015,53,5.878,,,0.75985,1.30477,0.66098,0.53899,0.3424,0.08242,2.18896
Kazakhstan,Central and Eastern Europe,2015,54,5.855,,,1.12254,1.12241,0.64368,0.51649,0.11827,0.08454,2.24729
Slovenia,Central and Eastern Europe,2015,55,5.848,,,1.18498,1.27385,0.87337,0.60855,0.25328,0.03787,1.61583
Lithuania,Central and Eastern Europe,2015,56,5.833,,,1.14723,1.25745,0.73128,0.21342,0.02641,0.01031,2.44649
Nicaragua,Latin America and Caribbean,2015,57,5.828,,,0.59325,1.14184,0.74314,0.55475,0.27815,0.19317,2.32407
Peru,Latin America and Caribbean,2015,58,5.824,,,0.90019,0.97459,0.73017,0.41496,0.14982,0.05989,2.5945
Belarus,Central and Eastern Europe,2015,59,5.813,,,1.03192,1.23289,0.73608,0.37938,0.11046,0.1909,2.1309
Poland,Central and Eastern Europe,2015,60,5.791,,,1.12555,1.27948,0.77903,0.53122,0.16759,0.04212,1.86565
Malaysia,Southeastern Asia,2015,61,5.77,,,1.12486,1.07023,0.72394,0.53024,0.33075,0.10501,1.88541
Croatia,Central and Eastern Europe,2015,62,5.759,,,1.08254,0.79624,0.78805,0.25883,0.05444,0.0243,2.75414
Libya,Middle East and Northern Africa,2015,63,5.754,,,1.13145,1.11862,0.7038,0.41668,0.18295,0.11023,2.09066
Russia,Central and Eastern Europe,2015,64,5.716,,,1.13764,1.23617,0.66926,0.36679,0.00199,0.03005,2.27394
Jamaica,Latin America and Caribbean,2015,65,5.709,,,0.81038,1.15102,0.68741,0.50442,0.2123,0.02299,2.32038
North Cyprus,Western Europe,2015,66,5.695,,,1.20806,1.07008,0.92356,0.49027,0.26169,0.1428,1.59888
Cyprus,Western Europe,2015,67,5.689,,,1.20813,0.89318,0.92356,0.40672,0.30638,0.06146,1.88931
Algeria,Middle East and Northern Africa,2015,68,5.605,,,0.93929,1.07772,0.61766,0.28579,0.07822,0.17383,2.43209
Kosovo,Central and Eastern Europe,2015,69,5.589,,,0.80148,0.81198,0.63132,0.24749,0.2831,0.04741,2.76579
Turkmenistan,Central and Eastern Europe,2015,70,5.548,,,0.95847,1.22668,0.53886,0.4761,0.16979,0.30844,1.86984
Mauritius,Sub-Saharan Africa,2015,71,5.477,,,1.00761,0.98521,0.7095,0.56066,0.37744,0.07521,1.76145
Estonia,Central and Eastern Europe,2015,73,5.429,,,1.15174,1.22791,0.77361,0.44888,0.0868,0.15184,1.58782
Indonesia,Southeastern Asia,2015,74,5.399,,,0.82827,1.08708,0.63793,0.46611,0.51535,0,1.86399
Vietnam,Southeastern Asia,2015,75,5.36,,,0.63216,0.91226,0.74676,0.59444,0.1686,0.10441,2.20173
Turkey,Middle East and Northern Africa,2015,76,5.332,,,1.06098,0.94632,0.73172,0.22815,0.12253,0.15746,2.08528
Kyrgyzstan,Central and Eastern Europe,2015,77,5.286,,,0.47428,1.15115,0.65088,0.43477,0.3003,0.04232,2.2327
Nigeria,Sub-Saharan Africa,2015,78,5.268,,,0.65435,0.90432,0.16007,0.34334,0.27233,0.0403,2.89319
Bhutan,Southern Asia,2015,79,5.253,,,0.77042,1.10395,0.57407,0.53206,0.47998,0.15445,1.63794
Azerbaijan,Central and Eastern Europe,2015,80,5.212,,,1.02389,0.93793,0.64045,0.3703,0.07799,0.16065,2.00073
Pakistan,Southern Asia,2015,81,5.194,,,0.59543,0.41411,0.51466,0.12102,0.33671,0.10464,3.10709
Jordan,Middle East and Northern Africa,2015,82,5.192,,,0.90198,1.05392,0.69639,0.40661,0.11053,0.14293,1.87996
Montenegro,Central and Eastern Europe,2015,82,5.192,,,0.97438,0.90557,0.72521,0.1826,0.1614,0.14296,2.10017
China,Eastern Asia,2015,84,5.14,,,0.89012,0.94675,0.81658,0.51697,0.08185,0.02781,1.8604
Zambia,Sub-Saharan Africa,2015,85,5.129,,,0.47038,0.91612,0.29924,0.48827,0.19591,0.12468,2.6343
Romania,Central and Eastern Europe,2015,86,5.124,,,1.04345,0.88588,0.7689,0.35068,0.13748,0.00649,1.93129
Serbia,Central and Eastern Europe,2015,87,5.123,,,0.92053,1.00964,0.74836,0.20107,0.19231,0.02617,2.025
Portugal,Western Europe,2015,88,5.102,,,1.15991,1.13935,0.87519,0.51469,0.13719,0.01078,1.26462
Latvia,Central and Eastern Europe,2015,89,5.098,,,1.11312,1.09562,0.72437,0.29671,0.18226,0.06332,1.62215
Philippines,Southeastern Asia,2015,90,5.073,,,0.70532,1.03516,0.58114,0.62545,0.24991,0.12279,1.7536
Morocco,Middle East and Northern Africa,2015,92,5.013,,,0.73479,0.64095,0.60954,0.41691,0.07172,0.08546,2.45373
Macedonia,Central and Eastern Europe,2015,93,5.007,,,0.91851,1.00232,0.73545,0.33457,0.22359,0.05327,1.73933
Albania,Central and Eastern Europe,2015,95,4.959,,,0.87867,0.80434,0.81325,0.35733,0.14272,0.06413,1.89894
Bosnia and Herzegovina,Central and Eastern Europe,2015,96,4.949,,,0.83223,0.91916,0.79081,0.09245,0.24808,0.00227,2.06367
Dominican Republic,Latin America and Caribbean,2015,98,4.885,,,0.89537,1.17202,0.66825,0.57672,0.21684,0.14234,1.21305
Mongolia,Eastern Asia,2015,100,4.874,,,0.82819,1.3006,0.60268,0.43626,0.3323,0.02666,1.34759
Greece,Western Europe,2015,102,4.857,,,1.15406,0.92933,0.88213,0.07699,0,0.01397,1.80101
Lebanon,Middle East and Northern Africa,2015,103,4.839,,,1.02564,0.80001,0.83947,0.33916,0.21854,0.04582,1.57059
Hungary,Central and Eastern Europe,2015,104,4.8,,,1.12094,1.20215,0.75905,0.32112,0.128,0.02758,1.24074
Honduras,Latin America and Caribbean,2015,105,4.788,,,0.59532,0.95348,0.6951,0.40148,0.23027,0.06825,1.84408
Tajikistan,Central and Eastern Europe,2015,106,4.786,,,0.39047,0.85563,0.57379,0.47216,0.22974,0.15072,2.11399
Tunisia,Middle East and Northern Africa,2015,107,4.739,,,0.88113,0.60429,0.73793,0.26268,0.06431,0.06358,2.12466
Palestinian Territories,Middle East and Northern Africa,2015,108,4.715,,,0.59867,0.92558,0.66015,0.24499,0.11251,0.12905,2.04384
Bangladesh,Southern Asia,2015,109,4.694,,,0.39753,0.43106,0.60164,0.4082,0.21222,0.12569,2.51767
Iran,Middle East and Northern Africa,2015,110,4.686,,,1.0088,0.54447,0.69805,0.30033,0.38086,0.05863,1.6944
Ukraine,Central and Eastern Europe,2015,111,4.681,,,0.79907,1.20278,0.6739,0.25123,0.15275,0.02961,1.5714
Iraq,Middle East and Northern Africa,2015,112,4.677,,,0.98549,0.81889,0.60237,0,0.17922,0.13788,1.95335
South Africa,Sub-Saharan Africa,2015,113,4.642,,,0.92049,1.18468,0.27688,0.33207,0.11973,0.08884,1.71956
Ghana,Sub-Saharan Africa,2015,114,4.633,,,0.54558,0.67954,0.40132,0.42342,0.23087,0.04355,2.30919
Zimbabwe,Sub-Saharan Africa,2015,115,4.61,,,0.271,1.03276,0.33475,0.25861,0.18987,0.08079,2.44191
Liberia,Sub-Saharan Africa,2015,116,4.571,,,0.0712,0.78968,0.34201,0.28531,0.24362,0.06232,2.77729
India,Southern Asia,2015,117,4.565,,,0.64499,0.38174,0.51529,0.39786,0.26475,0.08492,2.27513
Sudan,Sub-Saharan Africa,2015,118,4.55,,,0.52107,1.01404,0.36878,0.10081,0.19062,0.1466,2.20857
Haiti,Latin America and Caribbean,2015,119,4.518,,,0.26673,0.74302,0.38847,0.24425,0.46187,0.17175,2.24173
Congo (Kinshasa),Sub-Saharan Africa,2015,120,4.517,,,0,1.0012,0.09806,0.22605,0.24834,0.07625,2.86712
Nepal,Southern Asia,2015,121,4.514,,,0.35997,0.86449,0.56874,0.38282,0.32296,0.05907,1.95637
Ethiopia,Sub-Saharan Africa,2015,122,4.512,,,0.19073,0.60406,0.44055,0.4345,0.24325,0.15048,2.44876
Sierra Leone,Sub-Saharan Africa,2015,123,4.507,,,0.33024,0.95571,0,0.4084,0.21488,0.08786,2.51009
Mauritania,Sub-Saharan Africa,2015,124,4.436,,,0.45407,0.86908,0.35874,0.24232,0.219,0.17461,2.11773
Kenya,Sub-Saharan Africa,2015,125,4.419,,,0.36471,0.99876,0.41435,0.42215,0.37542,0.05839,1.78555
Armenia,Central and Eastern Europe,2015,127,4.35,,,0.76821,0.77711,0.7299,0.19847,0.07855,0.039,1.75873
Botswana,Sub-Saharan Africa,2015,128,4.332,,,0.99355,1.10464,0.04776,0.49495,0.10461,0.12474,1.46181
Myanmar,Southeastern Asia,2015,129,4.307,,,0.27108,0.70905,0.48246,0.44017,0.79588,0.19034,1.41805
Georgia,Central and Eastern Europe,2015,130,4.297,,,0.7419,0.38562,0.72926,0.40577,0.05547,0.38331,1.59541
Malawi,Sub-Saharan Africa,2015,131,4.292,,,0.01604,0.41134,0.22562,0.43054,0.33128,0.06977,2.80791
Sri Lanka,Southern Asia,2015,132,4.271,,,0.83524,1.01905,0.70806,0.53726,0.40828,0.09179,0.67108
Cameroon,Sub-Saharan Africa,2015,133,4.252,,,0.4225,0.88767,0.23402,0.49309,0.20618,0.05786,1.95071
Bulgaria,Central and Eastern Europe,2015,134,4.218,,,1.01216,1.10614,0.76649,0.30587,0.11921,0.00872,0.89991
Egypt,Middle East and Northern Africa,2015,135,4.194,,,0.8818,0.747,0.61712,0.17288,0.11291,0.06324,1.59927
Yemen,Middle East and Northern Africa,2015,136,4.077,,,0.54649,0.68093,0.40064,0.35571,0.09131,0.07854,1.92313
Angola,Sub-Saharan Africa,2015,137,4.033,,,0.75778,0.8604,0.16683,0.10384,0.12344,0.07122,1.94939
Mali,Sub-Saharan Africa,2015,138,3.995,,,0.26074,1.03526,0.20583,0.38857,0.18798,0.12352,1.79293
Congo (Brazzaville),Sub-Saharan Africa,2015,139,3.989,,,0.67866,0.6629,0.31051,0.41466,0.12388,0.11686,1.68135
Uganda,Sub-Saharan Africa,2015,141,3.931,,,0.21102,1.13299,0.33861,0.45727,0.29066,0.07267,1.42766
Senegal,Sub-Saharan Africa,2015,142,3.904,,,0.36498,0.97619,0.4354,0.36772,0.20843,0.10713,1.44395
Gabon,Sub-Saharan Africa,2015,143,3.896,,,1.06024,0.90528,0.43372,0.31914,0.06822,0.11091,0.99895
Niger,Sub-Saharan Africa,2015,144,3.845,,,0.0694,0.77265,0.29707,0.47692,0.19387,0.15639,1.87877
Cambodia,Southeastern Asia,2015,145,3.819,,,0.46038,0.62736,0.61114,0.66246,0.40359,0.07247,0.98195
Tanzania,Sub-Saharan Africa,2015,146,3.781,,,0.2852,1.00268,0.38215,0.32878,0.34377,0.05747,1.38079
Madagascar,Sub-Saharan Africa,2015,147,3.681,,,0.20824,0.66801,0.46721,0.19184,0.21333,0.08124,1.851
Chad,Sub-Saharan Africa,2015,149,3.667,,,0.34193,0.76062,0.1501,0.23501,0.18386,0.05269,1.94296
Guinea,Sub-Saharan Africa,2015,150,3.656,,,0.17417,0.46475,0.24009,0.37725,0.28657,0.12139,1.99172
Ivory Coast,Sub-Saharan Africa,2015,151,3.655,,,0.46534,0.77115,0.15185,0.46866,0.20165,0.17922,1.41723
Burkina Faso,Sub-Saharan Africa,2015,152,3.587,,,0.25812,0.85188,0.27125,0.39493,0.21747,0.12832,1.46494
Afghanistan,Southern Asia,2015,153,3.575,,,0.31982,0.30285,0.30335,0.23414,0.3651,0.09719,1.9521
Rwanda,Sub-Saharan Africa,2015,154,3.465,,,0.22208,0.7737,0.42864,0.59201,0.22628,0.55191,0.67042
Benin,Sub-Saharan Africa,2015,155,3.34,,,0.28665,0.35386,0.3191,0.4845,0.1826,0.0801,1.63328
Syria,Middle East and Northern Africa,2015,156,3.006,,,0.6632,0.47489,0.72193,0.15684,0.47179,0.18906,0.32858
Burundi,Sub-Saharan Africa,2015,157,2.905,,,0.0153,0.41587,0.22396,0.1185,0.19727,0.10062,1.83302
Togo,Sub-Saharan Africa,2015,158,2.839,,,0.20868,0.13995,0.28443,0.36453,0.16681,0.10731,1.56726